"No.","Quantity","Comment","Designator","Footprint","Value","Manufacturer Part","Manufacturer","Supplier Part","Supplier","LCSC Price","JLCPCB Price"
"1","5","100nF","C1,C2,C3,C12,C13","C0603","100nF","CC0603JRX7R9BB104","YAGEO(国巨)","C91183","LCSC","","0.0032"
"2","2","10uF","C4,C8","C0805","10uF","CL21A106KAYNNNE","SAMSUNG(三星)","C15850","LCSC","","0.0098"
"3","2","1uF","C5,C11","C0603","1uF","CL10A105KB8NNNC","SAMSUNG(三星)","C15849","LCSC","","0.0022"
"4","3","100nF","C6,C7,C9","C0402","100nF","CC0402KRX7R7BB104","YAGEO(国巨)","C60474","LCSC","","0.0008"
"5","1","1uF","C10","C0402","1uF","TCC0402X5R105M6R3AT","CCTC(三环)","C2887021","LCSC","","0.0007"
"6","1","22uF","C15","C0603","22uF","CL10A226MP8NUNE","SAMSUNG(三星)","C86295","LCSC","","0.0065"
"7","2","SS14","D1,D3","SMA_L4.3-W2.6-LS5.0-RD","","SS14","YONGYUTAI(永裕泰)","C47147601","LCSC","","0.0019"
"8","2","Test-Point","GND,VBAT","Test-Point-0.5mm","","","","","","0.9351",""
"9","1","2.54-1*14P母","H1","HDR-TH_14P-P2.54-V-F-1","","2.54-1*14P母","BOOMELE(博穆精密)","C52711","LCSC","","0.0216"
"10","1","YLED0603R","LED1","LED0603-FD","","YLED0603R","YONGYUTAI(永裕泰)","C19171390","LCSC","","0.001"
"11","2","BSS138","Q1,Q2","SOT-23-3_L2.9-W1.3-P1.90-LS2.4-BR-1","","BSS138","KUU","C3015220","LCSC","","0.003"
"12","3","1kΩ","R1,R2,R7","R0402","1kΩ","FRC0402J102 TS","FOJAN(富捷)","C2906899","LCSC","","0.0003"
"13","2","10kΩ","R3,R4","R0402","10kΩ","FRC0402F1002TS","FOJAN(富捷)","C2906861","LCSC","","0.0004"
"14","2","10kΩ","R5,R13","R0603","10kΩ","RC0603FR-0710KL","YAGEO(国巨)","C98220","LCSC","","0.0006"
"15","1","1.2kΩ","R6","R0603","1.2kΩ","0603WAF1201T5E","UNI-ROYAL(厚声)","C22765","LCSC","","0.0006"
"16","2","5.1kΩ","R8,R9","R0603","5.1kΩ","0603WAF5101T5E","UNI-ROYAL(厚声)","C23186","LCSC","","0.0003"
"17","2","4.7kΩ","R10,R11","R0603","4.7kΩ","0603WAF4701T5E","UNI-ROYAL(厚声)","C23162","LCSC","","0.0005"
"18","2","470kΩ","R12,R14","R0603","470kΩ","0603WAF4703T5E","UNI-ROYAL(厚声)","C23178","LCSC","","0.0005"
"19","1","HLK-LD2410C-P","SM1","SENSOR-TH_HLK-LD2410C-P","","HLK-LD2410C-P","HI-LINK(海凌科)","C19723500","LCSC","","0.8185"
"20","2","HX 3x4x2-2P-1.6N TACTILE SWITCH","SW1,SW2","KEY-SMD_L4.0-W3.0-LS4.9-1","","HX 3x4x2-2P-1.6N TACTILE SWITCH","hanxia(韩下)","C49234124","LCSC","","0.0038"
"21","1","2.4GHz","U1","WIFI-SMD_ESP32-WROOM-32E","2.4GHz","ESP32-WROOM-32E-N8","ESPRESSIF(乐鑫)","C701342","LCSC","","0.6826"
"22","1","MCP1700-3302E/TO","U2","TO-92-3_L5.1-W4.1-P1.27-L","","MCP1700-3302E/TO","MICROCHIP(美国微芯)","C511277","LCSC","","0.1621"
"23","1","YLED0603G","U3","LED0603-FD","","YLED0603G","YONGYUTAI(永裕泰)","C19273151","LCSC","","0.001"
"24","1","BME280","U4","LGA-8_BME280_BL","","BME280","Bosch(博世)","C92489","LCSC","","1.1485"
"25","1","CH340C","U5","SOP-16_L10.0-W3.9-P1.27-LS6.0-BL","","CH340C","WCH(南京沁恒)","C84681","LCSC","","0.091"
"26","1","K6-6277D-02A","U6","SW-TH_TM-007-D1-A-03","","K6-6277D-02A","韩国韩荣","C5337090","LCSC","","0.2208"
"27","1","TP4056","U7","ESOP-8_L4.9-W3.9-P1.27-LS6.0-BL-EP","","TP4056","TECH PUBLIC(台舟)","C5311018","LCSC","","0.0144"
"28","1","MC-403L68-Z20","USB1","USB-C-SMD_MC-403L68-Z20","","MC-403L68-Z20","HANBO(汉博)","C47326497","LCSC","","0.0105"
