"Designator","Device","Footprint","Mid X","Mid Y","Ref X","Ref Y","Pad X","Pad Y","Pins","Layer","Rotation","SMD","Comment","Name"
"C4","CL21A106KAYNNNE_C15850","C0805","20.574mm","-13.272mm","20.574mm","-13.272mm","21.574mm","-13.272mm","2","T","180","Yes","10uF","10uF"
"C8","CL10A106MA8NRNC","C0603","20.955mm","-9.525mm","20.955mm","-9.525mm","21.655mm","-9.525mm","2","T","180","Yes","10uF","10uF"
"C11","CL10A226MP8NUNE","C0603","23.464mm","-28.765mm","23.464mm","-28.765mm","23.464mm","-28.065mm","2","T","270","Yes","22uF","22uF"
"D1","SS14_C47147601","SMA_L4.3-W2.6-LS5.0-RD","67.047mm","-7.103mm","67.047mm","-7.103mm","64.643mm","-7.112mm","2","T","0","Yes","SS14","SS14"
"D2","SS14_C47147601","SMA_L4.3-W2.6-LS5.0-RD","51.943mm","-9.525mm","51.943mm","-9.525mm","49.539mm","-9.534mm","2","T","0","Yes","SS14","SS14"
"D3","ESD5Z5V0_C917016","SOD-523_L1.2-W0.8-LS1.6-RD","5.568mm","-15.24mm","5.568mm","-15.24mm","6.218mm","-15.24mm","2","T","180","Yes","ESD5Z5V0","ESD5Z5V0"
"D4","ESD5Z5V0_C917016","SOD-523_L1.2-W0.8-LS1.6-RD","5.588mm","-12.827mm","5.588mm","-12.827mm","6.238mm","-12.827mm","2","T","180","Yes","ESD5Z5V0","ESD5Z5V0"
"DC1","DC-005-20","DC-IN-TH_DC-005-20","73.175mm","-10.575mm","73.175mm","-10.575mm","75.5mm","-13.45mm","3","T","270","No","DC-005-20","DC-005-20"
"H1","HX PH254-01-04-Z-L11.5 straight pin header","HDR-TH_4P-HX-PH254-01-04-Z-L11.5","3.048mm","-11.43mm","3.048mm","-11.43mm","3.048mm","-15.24mm","4","T","90","No","HX PH254-01-04-Z-L11.5 straight pin header","HX PH254-01-04-Z-L11.5 straight pin header"
"Q1","BSS138","SOT-23-3_L2.9-W1.3-P1.90-LS2.4-BR-1","38.1mm","-24.13mm","38.1mm","-24.13mm","39.05mm","-23.13mm","3","T","90","Yes","BSS138","BSS138"
"Q2","BSS138","SOT-23-3_L2.9-W1.3-P1.90-LS2.4-BR-1","44.831mm","-24.13mm","44.831mm","-24.13mm","45.781mm","-23.13mm","3","T","90","Yes","BSS138","BSS138"
"R1","0603WAF1004T5E","R0603","20.447mm","-32.512mm","20.447mm","-32.512mm","20.447mm","-31.759mm","2","T","270","Yes","1MΩ","1MΩ"
"R2","0603WAF1004T5E","R0603","17.78mm","-21.971mm","17.78mm","-21.971mm","18.533mm","-21.971mm","2","T","180","Yes","1MΩ","1MΩ"
"R3","0603WAF1803T5E","R0603","22.479mm","-32.639mm","22.479mm","-32.639mm","22.479mm","-33.392mm","2","T","90","Yes","180kΩ","180kΩ"
"R4","RC0603FR-0710KL","R0603","25.273mm","-22.098mm","25.273mm","-22.098mm","26.026mm","-22.098mm","2","T","180","Yes","10kΩ","10kΩ"
"R5","RC0603FR-0710KL","R0603","67.31mm","-11.684mm","67.31mm","-11.684mm","67.31mm","-10.931mm","2","T","270","Yes","10kΩ","10kΩ"
"R6","0603WAF1201T5E","R0603","32.512mm","-12.065mm","32.512mm","-12.065mm","33.265mm","-12.065mm","2","T","180","Yes","1.2kΩ","1.2kΩ"
"R7","0805W8F1001T5E","R0805","25.273mm","-45.72mm","25.273mm","-45.72mm","25.273mm","-46.72mm","2","T","90","Yes","1kΩ","1kΩ"
"R8","0603WAF5101T5E","R0603","41.402mm","-11.303mm","41.402mm","-11.303mm","41.402mm","-10.55mm","2","T","270","Yes","5.1kΩ","5.1kΩ"
"R9","0603WAF5101T5E","R0603","38.608mm","-11.303mm","38.608mm","-11.303mm","38.608mm","-12.056mm","2","T","90","Yes","5.1kΩ","5.1kΩ"
"R10","0603WAF4701T5E","R0603","66.04mm","-36.957mm","66.04mm","-36.957mm","66.04mm","-36.204mm","2","T","270","Yes","4.7kΩ","4.7kΩ"
"R11","0603WAF4701T5E","R0603","69.85mm","-36.957mm","69.85mm","-36.957mm","69.85mm","-36.204mm","2","T","270","Yes","4.7kΩ","4.7kΩ"
"R12","FRC0402F1002TS","R0402","40.64mm","-24.13mm","40.64mm","-24.13mm","40.64mm","-24.563mm","2","T","90","Yes","10kΩ","10kΩ"
"R13","RC0603FR-0710KL","R0603","56.007mm","-36.957mm","56.007mm","-36.957mm","56.007mm","-36.204mm","2","T","270","Yes","10kΩ","10kΩ"
"R14","FRC0402F1002TS","R0402","42.291mm","-24.13mm","42.291mm","-24.13mm","42.291mm","-23.697mm","2","T","270","Yes","10kΩ","10kΩ"
"SW1","HX 3x4x2-2P-1.6N TACTILE SWITCH","KEY-SMD_L4.0-W3.0-LS4.9-1","60mm","-3.578mm","60mm","-3.578mm","60mm","-5.737mm","2","T","90","Yes","HX 3x4x2-2P-1.6N TACTILE SWITCH","HX 3x4x2-2P-1.6N TACTILE SWITCH"
"SW2","HX 3x4x2-2P-1.6N TACTILE SWITCH","KEY-SMD_L4.0-W3.0-LS4.9-1","20mm","-3.578mm","20mm","-3.578mm","20mm","-1.419mm","2","T","270","Yes","HX 3x4x2-2P-1.6N TACTILE SWITCH","HX 3x4x2-2P-1.6N TACTILE SWITCH"
"U1","ESP32-WROOM-32E-N8","WIFI-SMD_ESP32-WROOM-32E","63.399mm","-25.265mm","63.399mm","-25.265mm","72.401mm","-16.264mm","47","T","180","Yes","2.4GHz","2.4GHz"
"U2","BME280","LGA-8_BME280_BL","62.738mm","-47.625mm","62.738mm","-47.625mm","63.997mm","-46.65mm","8","T","0","Yes","BME280","BME280"
"U3","BH1750FVI-TR","WSOF-6_L2.6-W1.6-P0.50-TL-EP","21.971mm","-47.625mm","21.971mm","-47.625mm","20.544mm","-47.125mm","7","T","0","Yes","BH1750FVI-TR","BH1750FVI-TR"
"U5","CH340C","SOP-16_L10.0-W3.9-P1.27-LS6.0-BL","41.402mm","-17.526mm","41.402mm","-17.526mm","45.847mm","-14.654mm","16","T","180","Yes","CH340C","CH340C"
"U6","TPS63020DSJR","VSON-14_L4.0-W3.0-P0.50-BL-EP_TI_DSJ","21.717mm","-24.765mm","21.717mm","-24.765mm","20.217mm","-26.215mm","15","T","0","Yes","TPS63020DSJR","TPS63020DSJR"
"U7","TP4056_C5311018","ESOP-8_L4.9-W3.9-P1.27-LS6.0-BL-EP","26.797mm","-11.43mm","26.797mm","-11.43mm","29.705mm","-13.335mm","9","T","90","Yes","TP4056","TP4056"
"USB1","MC-403L68-Z20","USB-C-SMD_MC-403L68-Z20","40mm","-4.64mm","40mm","-4.64mm","44.32mm","-2.6mm","12","T","180","No","MC-403L68-Z20","MC-403L68-Z20"
"GND","Test-Point","Test-Point-0.5mm","10.278mm","-2.532mm","10.278mm","-2.532mm","10.278mm","-2.532mm","1","T","0","Yes","Test-Point","Test-Point"
"BAT+","Test-Point","Test-Point-0.5mm","6.278mm","-2.532mm","6.278mm","-2.532mm","6.278mm","-2.532mm","1","T","0","Yes","Test-Point","Test-Point"
"C16","CL10A226MP8NUNE","C0603","27.305mm","-28.829mm","27.305mm","-28.829mm","27.305mm","-28.129mm","2","T","270","Yes","22uF","22uF"
"C17","CL10A226MP8NUNE","C0603","21.717mm","-28.767mm","21.717mm","-28.767mm","21.717mm","-28.067mm","2","T","270","Yes","22uF","22uF"
"C1","CL10A106MA8NRNC","C0603","22.86mm","-20.828mm","22.86mm","-20.828mm","22.86mm","-21.528mm","2","T","90","Yes","10uF","10uF"
"C18","CL10A226MP8NUNE","C0603","25.358mm","-28.866mm","25.358mm","-28.866mm","25.358mm","-28.166mm","2","T","270","Yes","22uF","22uF"
"C19","CL10A106MA8NRNC","C0603","21.082mm","-20.828mm","21.082mm","-20.828mm","21.082mm","-21.528mm","2","T","90","Yes","10uF","10uF"
"C15","CL21A226MAQNNNE","C0805","63.246mm","-12.319mm","63.246mm","-12.319mm","63.246mm","-13.319mm","2","T","90","Yes","22uF","22uF"
"R15","0603WAF4703T5E","R0603","38.365mm","-33.965mm","38.365mm","-33.965mm","37.612mm","-33.965mm","2","T","0","Yes","470kΩ","470kΩ"
"R16","0603WAF4703T5E","R0603","41.843mm","-33.965mm","41.843mm","-33.965mm","41.09mm","-33.965mm","2","T","0","Yes","470kΩ","470kΩ"
"C2","0603B104M500NT","C0603","17.653mm","-30.672mm","17.653mm","-30.672mm","17.653mm","-29.972mm","2","T","270","Yes","100nF","100nF"
"C3","0603B104M500NT","C0603","68.961mm","-13.016mm","68.961mm","-13.016mm","68.961mm","-13.716mm","2","T","90","Yes","100nF","100nF"
"C5","TCC0402X5R105M6R3AT","C0402","27.813mm","-47.244mm","27.813mm","-47.244mm","28.233mm","-47.244mm","2","T","180","Yes","1uF","1uF"
"C6","CC0402KRX7R7BB104","C0402","59.563mm","-45.085mm","59.563mm","-45.085mm","59.563mm","-45.505mm","2","T","90","Yes","100nF","100nF"
"C7","CC0402KRX7R7BB104","C0402","56.896mm","-46.609mm","56.896mm","-46.609mm","56.896mm","-46.189mm","2","T","270","Yes","100nF","100nF"
"C9","CC0402KRX7R7BB104","C0402","47.625mm","-20.32mm","47.625mm","-20.32mm","47.205mm","-20.32mm","2","T","0","Yes","100nF","100nF"
"C10","TCC0402X5R105M6R3AT","C0402","47.117mm","-25.781mm","47.117mm","-25.781mm","47.537mm","-25.781mm","2","T","180","Yes","1uF","1uF"
"C12","0603B104M500NT","C0603","65.278mm","-12.573mm","65.278mm","-12.573mm","65.278mm","-11.873mm","2","T","270","Yes","100nF","100nF"
"C13","0603B104M500NT","C0603","48.133mm","-13.335mm","48.133mm","-13.335mm","47.433mm","-13.335mm","2","T","0","Yes","100nF","100nF"
"C14","0603B104M500NT","C0603","41.843mm","-36.039mm","41.843mm","-36.039mm","41.143mm","-36.039mm","2","T","0","Yes","100nF","100nF"
"L1","FHW0603UF1R0JST","L0603","24.765mm","-19.812mm","24.765mm","-19.812mm","24.765mm","-20.512mm","2","T","90","Yes","1uH","1uH"
